<?xml version="1.0" encoding="UTF-8" standalone="no"?>
<inbox>
    <nrTema nrTema="1">
        <descriere>file repository</descriere>
        <deadline>2</deadline>
        <primire>1</primire>
    </nrTema>
    <nrTema nrTema="2">
        <descriere>laborator crud repo</descriere>
        <deadline>3</deadline>
        <primire>2</primire>
    </nrTema>
    <nrTema nrTema="3">
        <descriere>abstract repository</descriere>
        <deadline>4</deadline>
        <primire>3</primire>
    </nrTema>
    <nrTema nrTema="4">
        <descriere>service+consola</descriere>
        <deadline>6</deadline>
        <primire>5</primire>
    </nrTema>
    <nrTema nrTema="5">
        <descriere>repo in fisier</descriere>
        <deadline>7</deadline>
        <primire>6</primire>
    </nrTema>
    <nrTema nrTema="16">
        <descriere>16</descriere>
        <deadline>14</deadline>
        <primire>10</primire>
    </nrTema>
    <nrTema nrTema="6">
        <descriere>adaugare nota</descriere>
        <deadline>8</deadline>
        <primire>7</primire>
    </nrTema>
</inbox>